<?xml version="1.0" encoding="UTF-8"?>
<!DOCTYPE catalog PUBLIC "-//OASIS//DTD Entity Resolution XML Catalog V1.0//EN" "http://www.oasis-open.org/committees/entity/release/1.0/catalog.dtd">
<SYNSETS>
<ENTRY>
<WORD>0</WORD>
<DEFINITION KEY="113764498" PART_OF_SPEECH="n" OTHER="23">a mathematical element that when added to another number yields the same number</DEFINITION>
<DEFINITION KEY="302193771" PART_OF_SPEECH="s" OTHER="0">indicating the absence of any or all units under consideration</DEFINITION>
</ENTRY>
</SYNSETS>